code,system
Eu103,readv2
E013.,readv2
E01y0,readv2
E231z,readv2
E2312,readv2
E231.,readv2
E2311,readv2
8BAu.,readv2
136T.,readv2
Eu101,readv2
E23z.,readv2
E0120,readv2
Eu106,readv2
C1505,readv2
E014.,readv2
SM021,readv2
SM030,readv2
SM002,readv2
E2300,readv2
SM03.,readv2
SM03z,readv2
E230.,readv2
SM031,readv2
SM0..,readv2
Eu100,readv2
SyuG0,readv2
SM011,readv2
SM0y.,readv2
E230z,readv2
SM0z.,readv2
T51,readv2
T519,readv2
T512,readv2
T518,readv2
T513,readv2
U4091,readv2
U209y,readv2
U1A91,readv2
U4095,readv2
U1A9.,readv2
U4092,readv2
U409z,readv2
U2091,readv2
U4097,readv2
U2094,readv2
U1A93,readv2
U4096,readv2
U1A9z,readv2
U4093,readv2
U2095,readv2
U1A90,readv2
U1A95,readv2
U409.,readv2
U1A97,readv2
U1A94,readv2
U4094,readv2
U209.,readv2
U1A96,readv2
U4090,readv2
U2096,readv2
U2090,readv2
U209z,readv2
U1A92,readv2
U2092,readv2
U409y,readv2
SLH3.,readv2
U1A9y,readv2
U2097,readv2
U2093,readv2
X652,readv2
X45,readv2
X655,readv2
X455,readv2
Y157,readv2
X452,readv2
X453,readv2
X651,readv2
Y155,readv2
Y156,readv2
X459,readv2
X450,readv2
X659,readv2
Y151,readv2
Y154,readv2
Y152,readv2
X650,readv2
Y15,readv2
Y158,readv2
X658,readv2
X657,readv2
X656,readv2
X653,readv2
Y159,readv2
Y153,readv2
X65,readv2
X454,readv2
X457,readv2
X456,readv2
X654,readv2
Y150,readv2
X458,readv2
X451,readv2
SM032,readv2
T903.,readv2
SM02.,readv2
SM02z,readv2
E2302,readv2
E2301,readv2
9k10.,readv2
8BA8.,readv2
9NJz.,readv2
8H35.,readv2
9NgzH,readv2
J6170,readv2
J617.,readv2
J611.,readv2
K701,readv2
1B1c.,readv2
8BAs.,readv2
8BAw.,readv2
136S.,readv2
F25B.,readv2
13Y8.,readv2
9NN2.,readv2
136c.,readv2
E2502,readv2
8G32.,readv2
F1440,readv2
8H7p.,readv2
E2501,readv2
Eu108,readv2
Eu107,readv2
8IEA.,readv2
F11x0,readv2
9k1..,readv2
E015.,readv2
E01..,readv2
G312,readv2
E244,readv2
SM022,readv2
T9032,readv2
9Nz9.,readv2
9NzA.,readv2
8IAt.,readv2
9k11.,readv2
J6130,readv2
K704,readv2
9k14.,readv2
ZV6D6,readv2
Z714,readv2
136Q.,readv2
1365,readv2
136P.,readv2
1366,readv2
E2500,readv2
E2310,readv2
K709,readv2
E23..,readv2
Eu102,readv2
E012.,readv2
du5..,readv2
T9010,readv2
SM001,readv2
SM00z,readv2
SM020,readv2
T9011,readv2
T902.,readv2
SM01.,readv2
SM00.,readv2
SM01z,readv2
E250z,readv2
E250.,readv2
8CAv.,readv2
U808.,readv2
9k19.,readv2
U804.,readv2
U805.,readv2
U807.,readv2
U806.,readv2
66e..,readv2
66e0.,readv2
G555.,readv2
F3941,readv2
I426,readv2
G721,readv2
F375.,readv2
G621,readv2
E2313,readv2
E2303,readv2
E2503,readv2
8HkJ.,readv2
C253.,readv2
E512,readv2
8IAF.,readv2
9k1B.,readv2
Eu10y,readv2
Eu10z,readv2
du11.,readv2
du1..,readv2
Eu10.,readv2
Eu105,readv2
R103.,readv2
E01y.,readv2
E01z.,readv2
E01yz,readv2
du51.,readv2
du52.,readv2
G8523,readv2
J612.,readv2
K703,readv2
9k12.,readv2
9k1A.,readv2
8IAJ.,readv2
8HkG.,readv2
ZV57A,readv2
Z502,readv2
J6120,readv2
K702,readv2
1462,readv2
ZV113,readv2
U812.,readv2
U813.,readv2
38Dz.,readv2
Y912,readv2
Y913,readv2
SM010,readv2
SM000,readv2
T510,readv2
T511,readv2
T900.,readv2
T904.,readv2
du12.,readv2
7P221,readv2
E010.,readv2
Eu104,readv2
136Y.,readv2
L2553,readv2
J613.,readv2
O354,readv2
E011.,readv2
E011z,readv2
E0111,readv2
E0110,readv2
E0112,readv2
J153.,readv2
K292,readv2
J6708,readv2
J6710,readv2
K860,readv2
K852,readv2
136R.,readv2
J610.,readv2
K700,readv2
U60H3,readv2
Y573,readv2
F103,readv2
F105,readv2
F106,readv2
F102,readv2
F109,readv2
F101,readv2
F108,readv2
F107,readv2
F10,readv2
F100,readv2
F104,readv2
Y908,readv2
Y905,readv2
Y906,readv2
Y907,readv2
Y904,readv2
K70,readv2